{"ProjectBreakpoints":"{\"Value\":{\"Main.xaml\":[{\"ConditionalExpression\":null,\"ActionExpression\":null,\"ExpectedHitCounter\":null,\"ShouldContinueAfterAction\":false,\"BreakpointType\":1,\"LocationIdentifier\":\"Check Stop Signal\",\"IsEnabled\":true,\"Annotation\":null,\"Id\":\"7ac8f3f5-3388-4163-81c3-87be23d40ee6\",\"ActivityIdRef\":\"ShouldStop_2\",\"ActivityId\":\"1.1410\",\"ActivityName\":\"Check Stop Signal\",\"IsTransient\":false}],\"SubFlows/Upload_yearly_Report.xaml\":[{\"ConditionalExpression\":null,\"ActionExpression\":null,\"ExpectedHitCounter\":null,\"ShouldContinueAfterAction\":false,\"BreakpointType\":1,\"LocationIdentifier\":\"Click 'Select Report File'\",\"IsEnabled\":true,\"Annotation\":null,\"Id\":\"1059ec44-975f-4a0e-8f3e-ce3ecf4446b6\",\"ActivityIdRef\":\"Click_1\",\"ActivityId\":\"1.112\",\"ActivityName\":\"Click 'Select Report File'\",\"IsTransient\":false}],\"SubFlows/WiDetails_Update.xaml\":[{\"ConditionalExpression\":null,\"ActionExpression\":null,\"ExpectedHitCounter\":null,\"ShouldContinueAfterAction\":false,\"BreakpointType\":1,\"LocationIdentifier\":\"Select Item\",\"IsEnabled\":true,\"Annotation\":null,\"Id\":\"00532609-09d1-4610-ad34-47d5c1cc399f\",\"ActivityIdRef\":\"SelectItem_1\",\"ActivityId\":\"1.17\",\"ActivityName\":\"Select Item\",\"IsTransient\":false}],\"SubFlows/CreateYearlyReport.xaml\":[{\"ConditionalExpression\":null,\"ActionExpression\":null,\"ExpectedHitCounter\":null,\"ShouldContinueAfterAction\":false,\"BreakpointType\":1,\"LocationIdentifier\":\"Use Excel File\",\"IsEnabled\":true,\"Annotation\":null,\"Id\":\"54c4bacd-5210-4d73-8f58-899a05ff7dc7\",\"ActivityIdRef\":\"ExcelApplicationCard_2\",\"ActivityId\":\"1.11\",\"ActivityName\":\"Use Excel File\",\"IsTransient\":false}]},\"CodeBreakpoints\":{}}","Compiler":"2","ProjectWatches":"{\"Value\":[{\"Id\":\"274f373c-01ed-4fa1-9171-02107570b57e\",\"Expression\":\"ReportPath\",\"Type\":0},{\"Id\":\"3601f93c-9d08-40cb-8f7b-342325dfa157\",\"Expression\":\"dt_YearlyReport\",\"Type\":0},{\"Id\":\"13f8d8ae-3bc1-4aef-b87a-494007339a45\",\"Expression\":\"in_UploadID\",\"Type\":0},{\"Id\":\"39eafcdc-2318-4671-b66d-d084b42af38d\",\"Expression\":\"\\\"Uploaded with ID \\\" + in_UploadID\",\"Type\":0}]}","OpenedDocuments":"[{\"DocumentPath\":\"SubFlows/Test_createExcel.xaml\",\"FactoryId\":\"{ACB8E7BA-F093-44C1-9B50-33ECA51AAE16}\"},{\"DocumentPath\":\"Framework/InitAllSettings.xaml\",\"FactoryId\":\"{ACB8E7BA-F093-44C1-9B50-33ECA51AAE16}\"},{\"DocumentPath\":\"Framework/Process.xaml\",\"FactoryId\":\"{ACB8E7BA-F093-44C1-9B50-33ECA51AAE16}\"},{\"DocumentPath\":\"SubFlows/Login_System1.xaml\",\"FactoryId\":\"{ACB8E7BA-F093-44C1-9B50-33ECA51AAE16}\"},{\"DocumentPath\":\"SubFlows/CreateYearlyReport.xaml\",\"FactoryId\":\"{ACB8E7BA-F093-44C1-9B50-33ECA51AAE16}\"},{\"DocumentPath\":\"SubFlows/Upload_yearly_Report.xaml\",\"FactoryId\":\"{ACB8E7BA-F093-44C1-9B50-33ECA51AAE16}\"},{\"DocumentPath\":\"SubFlows/WiDetails_Update.xaml\",\"FactoryId\":\"{ACB8E7BA-F093-44C1-9B50-33ECA51AAE16}\"},{\"DocumentPath\":\"Main.xaml\",\"FactoryId\":\"{ACB8E7BA-F093-44C1-9B50-33ECA51AAE16}\"},{\"DocumentPath\":\"SubFlows/ACME_System1_Close.xaml\",\"FactoryId\":\"{ACB8E7BA-F093-44C1-9B50-33ECA51AAE16}\"},{\"DocumentPath\":\"Framework/CloseAllApplications.xaml\",\"FactoryId\":\"{ACB8E7BA-F093-44C1-9B50-33ECA51AAE16}\"}]","ProjectActivitiesViewState":"{\"Main.xaml\":[{\"ActivityIdRef\":\"If_1\",\"IsAdvancedOptionsExpanded\":false,\"Widgets\":{\"Then\":{\"ShowExpanded\":true},\"Else\":{\"ShowExpanded\":true}}},{\"ActivityIdRef\":\"If_10\",\"IsAdvancedOptionsExpanded\":false,\"Widgets\":{}},{\"ActivityIdRef\":\"If_12\",\"IsAdvancedOptionsExpanded\":false,\"Widgets\":{}},{\"ActivityIdRef\":\"AddLogFields_2\",\"IsAdvancedOptionsExpanded\":false,\"Widgets\":{}},{\"ActivityIdRef\":\"If_13\",\"IsAdvancedOptionsExpanded\":false,\"Widgets\":{\"Then\":{\"ShowExpanded\":true},\"Else\":{\"ShowExpanded\":true}}},{\"ActivityIdRef\":\"Throw_1\",\"IsAdvancedOptionsExpanded\":false,\"Widgets\":{}},{\"ActivityIdRef\":\"If_15\",\"IsAdvancedOptionsExpanded\":false,\"Widgets\":{\"Then\":{\"ShowExpanded\":true},\"Else\":{\"ShowExpanded\":true}}},{\"ActivityIdRef\":\"ShouldStop_2\",\"IsAdvancedOptionsExpanded\":false,\"Widgets\":{}},{\"ActivityIdRef\":\"If_11\",\"IsAdvancedOptionsExpanded\":false,\"Widgets\":{\"Then\":{\"ShowExpanded\":true},\"Else\":{\"ShowExpanded\":true}}}],\"Framework/KillAllProcesses.xaml\":[{\"ActivityIdRef\":\"KillProcess_1\",\"IsAdvancedOptionsExpanded\":false,\"Widgets\":{}}],\"SubFlows/CreateYearlyReport.xaml\":[{\"ActivityIdRef\":\"If_1\",\"IsAdvancedOptionsExpanded\":false,\"Widgets\":{\"Then\":{\"ShowExpanded\":true},\"Else\":{\"ShowExpanded\":true}}},{\"ActivityIdRef\":\"If_2\",\"IsAdvancedOptionsExpanded\":false,\"Widgets\":{\"Then\":{\"ShowExpanded\":true},\"Else\":{\"ShowExpanded\":true}}},{\"ActivityIdRef\":\"If_3\",\"IsAdvancedOptionsExpanded\":false,\"Widgets\":{\"Then\":{\"ShowExpanded\":true},\"Else\":{\"ShowExpanded\":true}}},{\"ActivityIdRef\":\"MergeDataTable_1\",\"IsAdvancedOptionsExpanded\":false,\"Widgets\":{}}],\"Framework/Process.xaml\":[{\"ActivityIdRef\":\"If_1\",\"IsAdvancedOptionsExpanded\":false,\"Widgets\":{\"Then\":{\"ShowExpanded\":true},\"Else\":{\"ShowExpanded\":true}}}],\"Framework/InitAllSettings.xaml\":[{\"ActivityIdRef\":\"If_1\",\"IsAdvancedOptionsExpanded\":false,\"Widgets\":{\"Then\":{\"ShowExpanded\":true},\"Else\":{\"ShowExpanded\":true}}}],\"SubFlows/Upload_yearly_Report.xaml\":[{\"ActivityIdRef\":\"If_1\",\"IsAdvancedOptionsExpanded\":false,\"Widgets\":{\"Then\":{\"ShowExpanded\":true},\"Else\":{\"ShowExpanded\":true}}}],\"SubFlows/Test_createExcel.xaml\":[],\"SubFlows/Login_System1.xaml\":[{\"ActivityIdRef\":\"GetRobotCredential_1\",\"IsAdvancedOptionsExpanded\":false,\"Categories\":{\"Misc\":true,\"Output\":true},\"Widgets\":{}},{\"ActivityIdRef\":\"If_1\",\"IsAdvancedOptionsExpanded\":false,\"Widgets\":{\"Then\":{\"ShowExpanded\":true},\"Else\":{\"ShowExpanded\":true}}}]}"}