{
  "Workflows": [
    {
      "Path": null,
      "SortBy": 0,
      "VariablesSectionElementsOrder": [],
      "ArgumentsSectionElementsOrder": null,
      "ConstantsSectionElementsOrder": [],
      "AddedNamespaces": null
    },
    {
      "Path": "Main.xaml",
      "SortBy": 0,
      "VariablesSectionElementsOrder": [
        "bool_ReportFolderExists&Sequence_33",
        "TransactionItem&StateMachine_1",
        "SystemException&StateMachine_1",
        "BusinessException&StateMachine_1",
        "TransactionNumber&StateMachine_1",
        "Config&StateMachine_1",
        "RetryNumber&StateMachine_1",
        "TransactionField2&StateMachine_1",
        "TransactionField1&StateMachine_1",
        "TransactionID&StateMachine_1",
        "dt_TransactionData&StateMachine_1",
        "ConsecutiveSystemExceptions&StateMachine_1",
        "ShouldStop&Sequence_25"
      ],
      "ArgumentsSectionElementsOrder": [
        "in_OrchestratorQueueName",
        "in_OrchestratorQueueFolder"
      ],
      "ConstantsSectionElementsOrder": [],
      "AddedNamespaces": null
    },
    {
      "Path": "Framework/InitAllApplications.xaml",
      "SortBy": 0,
      "VariablesSectionElementsOrder": [],
      "ArgumentsSectionElementsOrder": [
        "in_Config"
      ],
      "ConstantsSectionElementsOrder": [],
      "AddedNamespaces": null
    },
    {
      "Path": "Framework/CloseAllApplications.xaml",
      "SortBy": 0,
      "VariablesSectionElementsOrder": [],
      "ArgumentsSectionElementsOrder": [],
      "ConstantsSectionElementsOrder": [],
      "AddedNamespaces": null
    },
    {
      "Path": "SubFlows/ACME_System1_Close.xaml",
      "SortBy": 0,
      "VariablesSectionElementsOrder": [
        "bool_LoggedOut&Sequence_1"
      ],
      "ArgumentsSectionElementsOrder": [],
      "ConstantsSectionElementsOrder": [],
      "AddedNamespaces": null
    },
    {
      "Path": "Framework/KillAllProcesses.xaml",
      "SortBy": 0,
      "VariablesSectionElementsOrder": [],
      "ArgumentsSectionElementsOrder": [],
      "ConstantsSectionElementsOrder": [],
      "AddedNamespaces": null
    },
    {
      "Path": "Framework/Process.xaml",
      "SortBy": 0,
      "VariablesSectionElementsOrder": [
        "bool_ReportFolderExists&Sequence_2",
        "str_WIID&Sequence_1",
        "str_Type&Sequence_1",
        "str_Status&Sequence_1",
        "str_WIID_URL&Sequence_1",
        "str_TaxID&Sequence_1",
        "ReportYear&Sequence_1",
        "YearlyReportPath&Sequence_1",
        "YearlyReportFileUploadID&Sequence_1"
      ],
      "ArgumentsSectionElementsOrder": [
        "in_TransactionItem",
        "in_Config"
      ],
      "ConstantsSectionElementsOrder": [],
      "AddedNamespaces": null
    },
    {
      "Path": "SubFlows/Navigate_To_MonthlyReport.xaml",
      "SortBy": 0,
      "VariablesSectionElementsOrder": [
        "VendorInformation&Sequence_2"
      ],
      "ArgumentsSectionElementsOrder": [
        "in_MonthlyReport_URL"
      ],
      "ConstantsSectionElementsOrder": [],
      "AddedNamespaces": null
    },
    {
      "Path": "SubFlows/CreateYearlyReport.xaml",
      "SortBy": 0,
      "VariablesSectionElementsOrder": [
        "dt_YearlyReport&Sequence_1",
        "Months&Sequence_1",
        "NoDataFoundDialog&Sequence_2",
        "Bool_DownloadPop&Sequence_4",
        "ReportPath&Sequence_4",
        "dt_MonthlyReport&Sequence_5"
      ],
      "ArgumentsSectionElementsOrder": [
        "in_TaxID",
        "in_Year",
        "in_ReportDownloadPath",
        "out_YearlyReportPath"
      ],
      "ConstantsSectionElementsOrder": [],
      "AddedNamespaces": null
    },
    {
      "Path": "SubFlows/Navigate_To_WorkDetails.xaml",
      "SortBy": 0,
      "VariablesSectionElementsOrder": [],
      "ArgumentsSectionElementsOrder": [
        "in_URL"
      ],
      "ConstantsSectionElementsOrder": [],
      "AddedNamespaces": null
    },
    {
      "Path": "Framework/InitAllSettings.xaml",
      "SortBy": 0,
      "VariablesSectionElementsOrder": [
        "dt_SettingsAndConstants&Sequence_5",
        "dt_Assets&Sequence_6",
        "AssetValue&Sequence_11"
      ],
      "ArgumentsSectionElementsOrder": [
        "in_ConfigFile",
        "in_ConfigSheets",
        "out_Config"
      ],
      "ConstantsSectionElementsOrder": [],
      "AddedNamespaces": null
    },
    {
      "Path": "SubFlows/Upload_yearly_Report.xaml",
      "SortBy": 0,
      "VariablesSectionElementsOrder": [
        "VendorInformation&Sequence_2",
        "UploadedSuccessFully&Sequence_3",
        "FileUploadConfirmationID&Sequence_5"
      ],
      "ArgumentsSectionElementsOrder": [
        "in_UploadURL",
        "in_TaxID",
        "in_ReportYear",
        "in_YearlyReportPath",
        "out_UploadId"
      ],
      "ConstantsSectionElementsOrder": [],
      "AddedNamespaces": null
    },
    {
      "Path": "SubFlows/Navigate_To _DashBoard.xaml",
      "SortBy": 0,
      "VariablesSectionElementsOrder": [
        "VendorInformation&Sequence_2"
      ],
      "ArgumentsSectionElementsOrder": [
        "in_Config"
      ],
      "ConstantsSectionElementsOrder": [],
      "AddedNamespaces": null
    },
    {
      "Path": "SubFlows/WiDetails_Update.xaml",
      "SortBy": 0,
      "VariablesSectionElementsOrder": [
        "DetailsURL&Sequence_2"
      ],
      "ArgumentsSectionElementsOrder": [
        "WIID",
        "System1_URL",
        "in_UploadID"
      ],
      "ConstantsSectionElementsOrder": [],
      "AddedNamespaces": null
    },
    {
      "Path": "SubFlows/Test_createExcel.xaml",
      "SortBy": 0,
      "VariablesSectionElementsOrder": [],
      "ArgumentsSectionElementsOrder": [],
      "ConstantsSectionElementsOrder": [],
      "AddedNamespaces": null
    },
    {
      "Path": "SubFlows/Login_System1.xaml",
      "SortBy": 0,
      "VariablesSectionElementsOrder": [
        "str_UsrNme&Sequence_1",
        "password&Sequence_1",
        "bool_LoggedIn&Sequence_1"
      ],
      "ArgumentsSectionElementsOrder": [
        "in_System1URL",
        "in_System1Credential"
      ],
      "ConstantsSectionElementsOrder": [],
      "AddedNamespaces": null
    }
  ]
}