{"ProjectBreakpoints":"{\"Value\":{},\"CodeBreakpoints\":{}}","Compiler":"2","ProjectWatches":"{\"Value\":[{\"Id\":\"274f373c-01ed-4fa1-9171-02107570b57e\",\"Expression\":\"ReportPath\",\"Type\":0},{\"Id\":\"3601f93c-9d08-40cb-8f7b-342325dfa157\",\"Expression\":\"dt_YearlyReport\",\"Type\":0},{\"Id\":\"13f8d8ae-3bc1-4aef-b87a-494007339a45\",\"Expression\":\"in_UploadID\",\"Type\":0},{\"Id\":\"39eafcdc-2318-4671-b66d-d084b42af38d\",\"Expression\":\"\\\"Uploaded with ID \\\" + in_UploadID\",\"Type\":0},{\"Id\":\"0c082265-b1b7-47a8-b9ce-d55529d803a3\",\"Expression\":\"in_TaxID+\\\"_\\\"+in_Year.ToString\",\"Type\":0},{\"Id\":\"b703e3d0-186c-4252-ba90-8928179d53b1\",\"Expression\":\"out_UploadId\",\"Type\":0},{\"Id\":\"7abaa4f0-7481-463a-9ec7-29fd784386c6\",\"Expression\":\"FileUploadConfirmationID.Substring(\\\"Report was uploaded - Cionfirmation id is\\\".Length)\",\"Type\":0},{\"Id\":\"409ee53a-524a-4dc4-b0ea-ddedc95e9761\",\"Expression\":\"ReportPath\",\"Type\":0}]}","OpenedDocuments":"[{\"DocumentPath\":\"Framework/Process.xaml\",\"FactoryId\":\"{ACB8E7BA-F093-44C1-9B50-33ECA51AAE16}\"},{\"DocumentPath\":\"SubFlows/Upload_yearly_Report.xaml\",\"FactoryId\":\"{ACB8E7BA-F093-44C1-9B50-33ECA51AAE16}\"},{\"DocumentPath\":\"SubFlows/WiDetails_Update.xaml\",\"FactoryId\":\"{ACB8E7BA-F093-44C1-9B50-33ECA51AAE16}\"},{\"DocumentPath\":\"SubFlows/CreateYearlyReport.xaml\",\"FactoryId\":\"{ACB8E7BA-F093-44C1-9B50-33ECA51AAE16}\"},{\"DocumentPath\":\"Main.xaml\",\"FactoryId\":\"{ACB8E7BA-F093-44C1-9B50-33ECA51AAE16}\"}]","ProjectActivitiesViewState":"{\"Main.xaml\":[{\"ActivityIdRef\":\"If_1\",\"IsAdvancedOptionsExpanded\":false,\"Widgets\":{\"Then\":{\"ShowExpanded\":true},\"Else\":{\"ShowExpanded\":true}}},{\"ActivityIdRef\":\"If_10\",\"IsAdvancedOptionsExpanded\":false,\"Widgets\":{}},{\"ActivityIdRef\":\"If_12\",\"IsAdvancedOptionsExpanded\":false,\"Widgets\":{}},{\"ActivityIdRef\":\"AddLogFields_2\",\"IsAdvancedOptionsExpanded\":false,\"Widgets\":{}},{\"ActivityIdRef\":\"If_13\",\"IsAdvancedOptionsExpanded\":false,\"Widgets\":{\"Then\":{\"ShowExpanded\":true},\"Else\":{\"ShowExpanded\":true}}},{\"ActivityIdRef\":\"Throw_1\",\"IsAdvancedOptionsExpanded\":false,\"Widgets\":{}},{\"ActivityIdRef\":\"If_15\",\"IsAdvancedOptionsExpanded\":false,\"Widgets\":{\"Then\":{\"ShowExpanded\":true},\"Else\":{\"ShowExpanded\":true}}},{\"ActivityIdRef\":\"ShouldStop_2\",\"IsAdvancedOptionsExpanded\":false,\"Widgets\":{}},{\"ActivityIdRef\":\"If_11\",\"IsAdvancedOptionsExpanded\":false,\"Widgets\":{\"Then\":{\"ShowExpanded\":true},\"Else\":{\"ShowExpanded\":true}}}],\"Framework/KillAllProcesses.xaml\":[{\"ActivityIdRef\":\"KillProcess_1\",\"IsAdvancedOptionsExpanded\":false,\"Widgets\":{}}],\"SubFlows/CreateYearlyReport.xaml\":[{\"ActivityIdRef\":\"If_1\",\"IsAdvancedOptionsExpanded\":false,\"Widgets\":{\"Then\":{\"ShowExpanded\":true},\"Else\":{\"ShowExpanded\":true}}},{\"ActivityIdRef\":\"If_2\",\"IsAdvancedOptionsExpanded\":false,\"Widgets\":{\"Then\":{\"ShowExpanded\":true},\"Else\":{\"ShowExpanded\":true}}},{\"ActivityIdRef\":\"If_3\",\"IsAdvancedOptionsExpanded\":false,\"Widgets\":{\"Then\":{\"ShowExpanded\":true},\"Else\":{\"ShowExpanded\":true}}},{\"ActivityIdRef\":\"MergeDataTable_1\",\"IsAdvancedOptionsExpanded\":false,\"Widgets\":{}}],\"Framework/Process.xaml\":[{\"ActivityIdRef\":\"If_1\",\"IsAdvancedOptionsExpanded\":false,\"Widgets\":{\"Then\":{\"ShowExpanded\":true},\"Else\":{\"ShowExpanded\":true}}}],\"Framework/InitAllSettings.xaml\":[{\"ActivityIdRef\":\"If_1\",\"IsAdvancedOptionsExpanded\":false,\"Widgets\":{\"Then\":{\"ShowExpanded\":true},\"Else\":{\"ShowExpanded\":true}}}],\"SubFlows/Upload_yearly_Report.xaml\":[{\"ActivityIdRef\":\"If_1\",\"IsAdvancedOptionsExpanded\":false,\"Widgets\":{\"Then\":{\"ShowExpanded\":true},\"Else\":{\"ShowExpanded\":true}}}],\"SubFlows/Test_createExcel.xaml\":[],\"SubFlows/Login_System1.xaml\":[{\"ActivityIdRef\":\"GetRobotCredential_1\",\"IsAdvancedOptionsExpanded\":false,\"Categories\":{\"Misc\":true,\"Output\":true},\"Widgets\":{}},{\"ActivityIdRef\":\"If_1\",\"IsAdvancedOptionsExpanded\":false,\"Widgets\":{\"Then\":{\"ShowExpanded\":true},\"Else\":{\"ShowExpanded\":true}}}]}"}